{"cameraMode":{"drawMode":0,"name":"Shaded","section":"Shading Mode"},"sceneLighting":false,"audioPlay":false,"sceneViewState":{"showFog":true,"showMaterialUpdate":false,"showSkybox":false,"showFlares":true,"showImageEffects":true,"showParticleSystems":true},"in2DMode":false,"pivot":{"x":0.0,"y":0.45173192024230959,"z":1.7881393432617188e-7},"rotation":{"x":0.030330613255500795,"y":0.14599034190177918,"z":-0.002151559805497527,"w":0.9893829822540283},"size":5.796509742736816,"orthographic":false}