{"cameraMode":{"drawMode":0,"name":"Shaded","section":"Shading Mode"},"sceneLighting":false,"audioPlay":false,"sceneViewState":{"showFog":true,"showMaterialUpdate":false,"showSkybox":false,"showFlares":true,"showImageEffects":true,"showParticleSystems":true},"in2DMode":false,"pivot":{"x":7.496083736419678,"y":-0.02342660166323185,"z":-10.313916206359864},"rotation":{"x":0.04775552451610565,"y":0.6634772419929504,"z":-0.03705689311027527,"w":0.7469702363014221},"size":28.578840255737306,"orthographic":false}