{"cameraMode":{"drawMode":0,"name":"Shaded","section":"Shading Mode"},"sceneLighting":false,"audioPlay":false,"sceneViewState":{"showFog":true,"showMaterialUpdate":false,"showSkybox":false,"showFlares":true,"showImageEffects":true,"showParticleSystems":true},"in2DMode":false,"pivot":{"x":4.76837158203125e-7,"y":2.161130666732788,"z":0.000006198883056640625},"rotation":{"x":-0.14900216460227967,"y":0.8442026376724243,"z":-0.3534991443157196,"w":-0.37668243050575259},"size":13.336895942687989,"orthographic":false}